{"Xs": [50, 100, 150, 200, 250, 300, 350, 400, 450, 500, 550, 600, 650, 700, 750, 800, 850, 900, 950, 1000, 1050, 1100, 1150, 1200, 1250, 1300, 1350, 1400, 1450, 1500, 1550, 1600, 1650, 1700, 1750, 1800, 1850, 1900, 1950, 2000, 2050, 2100, 2150, 2200, 2250, 2300, 2350, 2400, 2450, 2500, 2550, 2600, 2650, 2700, 2750, 2800, 2850, 2900, 2950, 3000, 3050, 3100, 3150, 3200, 3250, 3300, 3350, 3400, 3450, 3500, 3550, 3600, 3650, 3700, 3750, 3800, 3850, 3900, 3950, 4000, 4050, 4100, 4150, 4200, 4250, 4300, 4350, 4400, 4450, 4500, 4550, 4600, 4650, 4700, 4750, 4800, 4850, 4900, 4950, 5000, 5050, 5100, 5150, 5200, 5250, 5300, 5350, 5400, 5450, 5500, 5550, 5600, 5650, 5700, 5750, 5800, 5850, 5900, 5950, 6000, 6050, 6100, 6150, 6200, 6250, 6300, 6350, 6400, 6450, 6500, 6550, 6600, 6650, 6700, 6750, 6800, 6850, 6900, 6950, 7000, 7050, 7100, 7150, 7200, 7250, 7300, 7350, 7400, 7450, 7500, 7550, 7600, 7650, 7700, 7750, 7800, 7850, 7900, 7950, 8000, 8050, 8100, 8150, 8200, 8250, 8300, 8350, 8400, 8450, 8500, 8550, 8600, 8650, 8700, 8750, 8800, 8850, 8900, 8950, 9000, 9050, 9100, 9150, 9200, 9250, 9300, 9350, 9400, 9450, 9500, 9550, 9600, 9650, 9700, 9750, 9800, 9850, 9900, 9950], "Ys": [0.45000000000000023, 1.0600000000000007, 1.400000000000001, 1.8300000000000012, 2.150000000000001, 2.5100000000000002, 3.1499999999999986, 3.3299999999999983, 3.559999999999997, 4.289999999999998, 4.43, 4.849999999999998, 5.289999999999998, 5.689999999999993, 6.099999999999996, 6.249999999999995, 6.839999999999995, 6.909999999999995, 7.2799999999999985, 7.379999999999996, 7.8999999999999995, 7.96, 8.449999999999996, 8.509999999999998, 9.079999999999998, 9.149999999999999, 9.109999999999998, 9.699999999999994, 9.989999999999991, 9.689999999999998, 9.939999999999998, 9.919999999999996, 10.579999999999998, 10.249999999999991, 10.54999999999999, 10.969999999999992, 10.879999999999994, 11.07999999999999, 11.669999999999996, 10.90999999999999, 11.499999999999993, 11.819999999999991, 11.61999999999999, 12.099999999999998, 12.119999999999997, 11.679999999999994, 12.23999999999999, 12.289999999999987, 12.089999999999991, 12.479999999999997, 12.520000000000001, 12.819999999999993, 12.669999999999996, 13.209999999999997, 12.779999999999998, 12.669999999999993, 13.39, 13.179999999999998, 13.28, 13.160000000000005, 13.169999999999995, 13.290000000000003, 13.889999999999992, 13.630000000000011, 13.780000000000005, 13.46, 13.800000000000004, 13.670000000000005, 13.88000000000001, 13.899999999999997, 14.540000000000012, 14.010000000000005, 14.070000000000006, 14.380000000000008, 14.56000000000001, 14.370000000000005, 14.240000000000007, 14.300000000000013, 14.639999999999999, 14.780000000000012, 14.62000000000001, 15.190000000000005, 14.910000000000009, 15.03000000000001, 15.05000000000001, 14.950000000000006, 15.330000000000013, 15.110000000000012, 15.260000000000016, 15.520000000000017, 15.07000000000001, 15.89000000000001, 15.550000000000006, 15.39000000000001, 15.810000000000008, 15.640000000000015, 15.85000000000001, 15.300000000000017, 15.940000000000007, 16.230000000000004, 16.24000000000001, 16.77000000000001, 16.260000000000005, 16.10000000000001, 16.16000000000001, 16.490000000000013, 16.65000000000001, 16.37000000000001, 16.53000000000001, 16.75000000000001, 16.43000000000001, 16.570000000000014, 16.41000000000001, 16.590000000000003, 16.96, 17.51000000000001, 16.810000000000006, 16.710000000000008, 16.810000000000002, 17.03000000000001, 17.280000000000005, 17.220000000000006, 17.260000000000005, 17.86, 17.149999999999995, 17.34000000000001, 17.770000000000003, 18.020000000000007, 17.710000000000008, 17.900000000000002, 17.720000000000006, 18.11000000000001, 18.010000000000005, 17.890000000000004, 18.530000000000005, 17.780000000000005, 18.719999999999995, 18.37, 18.02000000000001, 18.54000000000001, 18.370000000000005, 18.930000000000014, 18.38, 17.940000000000005, 18.650000000000002, 18.97, 18.909999999999997, 18.870000000000005, 19.69000000000001, 19.59, 19.3, 19.55000000000001, 19.840000000000007, 19.660000000000004, 19.549999999999994, 19.660000000000007, 20.099999999999998, 20.73000000000001, 20.61000000000001, 20.53000000000001, 20.33, 20.740000000000006, 21.29000000000001, 20.870000000000015, 20.800000000000008, 21.240000000000006, 20.660000000000004, 21.020000000000003, 21.15000000000001, 21.87, 22.149999999999995, 22.55, 21.19000000000001, 21.96000000000001, 22.430000000000003, 22.240000000000002, 22.329999999999995, 22.850000000000012, 22.470000000000006, 23.130000000000013, 23.03, 23.43, 22.910000000000007, 23.550000000000008, 23.84, 23.74000000000001, 23.810000000000002, 24.890000000000004, 25.610000000000014, 25.369999999999987, 25.54000000000001, 26.84, 27.439999999999998, 27.859999999999996, 28.509999999999987, 29.84, 33.169999999999995, 35.26999999999998, 38.65000000000002]}