{"Xs": [0.05, 0.1, 0.15000000000000002, 0.2, 0.25, 0.3, 0.35, 0.39999999999999997, 0.44999999999999996, 0.49999999999999994, 0.5499999999999999, 0.6, 0.65, 0.7000000000000001], "Ys": [0.519146412202381, 0.5188426741071428, 0.5533662782738096, 0.5920548586309523, 0.6167070565476191, 0.7452922410714284, 0.7915565639880957, 0.8189414598214289, 0.8800516711309525, 0.8807770699404762, 0.943175345238095, 0.9652869345238095, 0.98180525, 0.9957563541666665]}