{"Xs": [1, 2, 3, 4, 5], "Ys": [0.8803767589285713, 0.8895596270951674, 0.8896980062012576, 0.8890145428621838, 0.8911341498466762]}